Index,Name,Label,Value
1,BE0,TEMP-BE-TO-ADD-GATES-WITH-A-SINGLE-ELEMENT,0.000000E+00
2,BE00,TEMP-BE-TO-ADD-GATES-WITH-A-SINGLE-ELEMENT,1.000000E+00
3,BE1,IE-TRANS,6.760000E-01
4,BE10,EPS-XHE-XM-DGSEQ,1.000000E+00
5,BE100,HE-FLD-SWSA,0.000000E+00
6,BE100,HE-FLD-SWSA,1.000000E+00
7,BE101,HE-FLD-SWSB,0.000000E+00
8,BE101,HE-FLD-SWSB,1.000000E+00
9,BE102,HE-FLD-CCW,0.000000E+00
10,BE102,HE-FLD-CCW,1.000000E+00
11,BE103,HE-FLD-CCWA,0.000000E+00
12,BE103,HE-FLD-CCWA,1.000000E+00
13,BE104,HE-FLD-CCWB,0.000000E+00
14,BE104,HE-FLD-CCWB,1.000000E+00
15,BE105,HE-FLD-4160VACA,1.000000E+00
16,BE105,HE-FLD-4160VACA,0.000000E+00
17,BE106,HE-HWD,0.000000E+00
18,BE106,HE-HWD,1.000000E+00
19,BE107,IE-HWD-96MPH,1.000000E-01
20,BE109,ACC-TNK-RP-ACCD,2.016000E-07
21,BE11,IE-LOMFW,5.940000E-02
22,BE110,ACC-TNK-LK-ACCD,2.880000E-06
23,BE1103,ZA-MDP-FR-CCW-03A01,9.840000E-01
24,BE1104,ZA-MDP-FR-CCW-03A02,1.260000E-02
25,BE1105,ZA-MDP-FR-CCW-03A03,3.110000E-03
26,BE111,ACC-TNK-FC-ACCD,4.608000E-06
27,BE112,RCS-LOCA-CL1,2.500000E-01
28,BE113,RCS-LOCA-CL2,2.500000E-01
29,BE114,RCS-LOCA-CL3,2.500000E-01
30,BE115,RCS-LOCA-CL4,2.500000E-01
31,BE116,HE-FLD-4160VACB,0.000000E+00
32,BE116,HE-FLD-4160VACB,1.000000E+00
33,BE117,IE-FLI-4160VACA,3.000000E-04
34,BE118,IE-FLI-4160VACB,3.000000E-04
35,BE119,IE-FLI-AFW-RM,2.000000E-05
36,BE120,CCW-XHE-XM-TRNC,1.000000E-03
37,BE121,CCW-MOV-OC-001A,7.776000E-07
38,BE122,CCW-MOV-OC-002A,7.776000E-07
39,BE123,CCW-MOV-OC-001C_A,4.210000E-04
40,BE124,CCW-MOV-OC-002C_A,4.210000E-04
41,BE125,CCW-MOV-OC-001B,7.776000E-07
42,BE126,CCW-MOV-OC-002B,7.776000E-07
43,BE127,CCW-AOV-OC-HTXB,2.520000E-06
44,BE128,CCW-AOV-OC-HTXDISB,2.520000E-06
45,BE129,CCW-MOV-OC-001C_B,4.210000E-04
46,BE130,CCW-MOV-OC-002C_B,4.210000E-04
47,BE132,CVC-MOV-CF-DIS,2.198000E-06
48,BE133,HPI-CKV-CF-CVCINLT,1.214000E-07
49,BE134,HPI-CKV-CC-002,9.240000E-06
50,BE135,HPI-CKV-CC-003,9.240000E-06
51,BE136,HPI-CKV-CC-004,9.240000E-06
52,BE137,SIS-CKV-CC-001,9.240000E-06
53,BE138,HPI-CVC-TRNS,1.000000E+00
54,BE143,SIS-CKV-CC-003,9.240000E-06
55,BE144,SIS-CKV-CC-004,9.240000E-06
56,BE145,SIS-CKV-CC-002,9.240000E-06
57,BE146,HE-LOCA,0.000000E+00
58,BE146,HE-LOCA,1.000000E+00
59,BE147,SIS-CKV-CF-RCSCL,1.214000E-07
60,BE148,SIS-MOV-OC-002B,7.776000E-07
61,BE149,SIS-CKV-CC-004B,9.240000E-06
62,BE150,SIS-CKV-CF-DIS004,1.940000E-07
63,BE151,SIS-CKV-CC-004A,9.240000E-06
64,BE152,SIS-MOV-OC-002A,7.776000E-07
65,BE153,HPI-SIS-TRNS,1.000000E+00
66,BE154,HPR-CVC-FT,1.000000E+00
67,BE155,HPI-CKV-OO-005B,1.570000E-04
68,BE156,HPR-CVC-TRNS,1.000000E+00
69,BE157,HPI-CKV-OO-005A,1.570000E-04
70,BE158,LPR-MOV-CC-SICVCA,4.210000E-04
71,BE159,LPR-CKV-CC-SICVCA,9.240000E-06
72,BE160,LPR-MOV-CC-SICVCB,4.210000E-04
73,BE161,LPR-CKV-CC-SICVCB,9.240000E-06
74,BE162,LPR-MOV-CF-CVCSUC,2.198000E-06
75,BE163,HPR-SIS-FT,1.000000E+00
76,BE164,HPR-SIS-TRNS,1.000000E+00
77,BE167,ISL-XHE-XE-NONREC,1.000000E-01
78,BE168,ISL-PSF-RP-RHR,1.000000E+00
79,BE17,IE-SGTR,1.660000E-03
80,BE177,ISL-PSF-RP-LPI,1.000000E-01
81,BE18,AFW-TDP-FR-TDP,4.715000E-02
82,BE185,ISL-XHE-XE-RECRHR,1.000000E-01
83,BE186,ISL-XHE-XE-NRECRHR,1.000000E-01
84,BE187,LPI-CKV-CC-001,9.240000E-06
85,BE188,LPI-CKV-CF-RCSCL,1.214000E-07
86,BE189,LPI-CKV-CC-002,9.240000E-06
87,BE19,AFW-MDP-FR-B,3.865000E-04
88,BE190,LPI-CKV-CC-003,9.240000E-06
89,BE191,LPI-CKV-CC-004,9.240000E-06
90,BE192,LPI-CKV-CC-001A,9.240000E-06
91,BE193,LPI-MOV-CC-MINFL005B,4.210000E-04
92,BE194,LPI-MOV-CF-MINFLW,4.643000E-06
93,BE195,LPI-CKV-CC-001B,9.240000E-06
94,BE2,IE-LODCA,5.000000E-04
95,BE20,AFW-TDP-FS-TDP,6.010000E-03
96,BE200,PORV-PRV-CO-SBO,3.700000E-01
97,BE202,LPR-MOV-OO-004A,3.350000E-04
98,BE203,LPR-MOV-OO-004B,3.350000E-04
99,BE204,PORV-RES-FT,1.000000E+00
100,BE205,PORV-PRV-CO-1,1.000000E+00
101,BE206,PORV-PRV-CO-L,1.480000E-01
102,BE207,MSS-TBV-CF-PVS,5.000000E-06
103,BE208,MSS-CND-FC-MAIN,0.000000E+00
104,BE209,IAS-SYS-FC-SYSTEM,2.500000E-04
105,BE21,AFW-MDP-TM-A,3.950000E-03
106,BE219,SWS-TRNA-FT,1.000000E+00
107,BE22,AFW-TDP-TM-TDP,5.440000E-03
108,BE220,SWS-TRNB-FT,1.000000E+00
109,BE221,SWS-TRN-OP-STDYA,5.000000E-01
110,BE222,SWS-MOV-OC-001A,7.776000E-07
111,BE223,SWS-XHE-XM-TRNC,1.000000E-03
112,BE224,SWS-MOV-OC-001B,7.776000E-07
113,BE225,SWS-TRN-OP-STDYB,5.000000E-01
114,BE227,IE-LOOPGR,1.090000E-02
115,BE228,IE-LOOPPC,2.310000E-03
116,BE229,IE-LOOPSC,1.440000E-02
117,BE23,MFW-CKV-CC-001,9.240000E-06
118,BE230,IE-LOOPWR,6.370000E-03
119,BE232,CVC-XHE-XM-BORATION-EQ4,1.000000E-01
120,BE233,CVC-XHE-XM-BORATION-EQ5,2.000000E-01
121,BE235,HE-LOOPPC,1.000000E+00
122,BE235,HE-LOOPPC,0.000000E+00
123,BE236,HE-LOOPSC,0.000000E+00
124,BE236,HE-LOOPSC,1.000000E+00
125,BE237,HE-LOOPGR,1.000000E+00
126,BE237,HE-LOOPGR,0.000000E+00
127,BE238,HE-LOOPWR,1.000000E+00
128,BE238,HE-LOOPWR,0.000000E+00
129,BE239,HE-LOOPAV,0.000000E+00
130,BE24,MFW-CKV-CC-002,9.240000E-06
131,BE241,HE-LO4160ACA,0.000000E+00
132,BE241,HE-LO4160ACA,1.000000E+00
133,BE242,HE-LO4160ACB,1.000000E+00
134,BE242,HE-LO4160ACB,0.000000E+00
135,BE244,MSS-XHE-XM-MSISOL,1.000000E-03
136,BE245,MSS-ICC-FC-AUTOISO,2.000000E-03
137,BE246,MSS-ACT-CF-ACTUATION,5.000000E-04
138,BE247,MSI-SGA-ISOL-FT,1.000000E+00
139,BE248,MSI-SGB-ISOL-FT,1.000000E+00
140,BE25,AFW-MDP-FS-B,7.940000E-04
141,BE25,AFW-MDP-FS-B,1.000000E+00
142,BE250,MSS-MSV-OO-MSIVA,8.940000E-04
143,BE251,MSS-MSV-CF-MSIVS,5.269000E-06
144,BE252,MSS-MSV-OO-MSIVB,8.940000E-04
145,BE253,MSI-SGC-ISOL-FT,1.000000E+00
146,BE254,MSS-MSV-OO-MSIVC,8.940000E-04
147,BE255,MSI-SGD-ISOL-FT,1.000000E+00
148,BE256,MSS-MSV-OO-MSIVD,8.940000E-04
149,BE257,PWR-XHE-XM-DEPRCS,4.000000E-03
150,BE26,MFW-CKV-CC-003,9.240000E-06
151,BE260,AFW-PMP-CF-FR,1.570000E-05
152,BE266,HPI-XHE-XM-FAB-EQ4,1.000000E-01
153,BE267,HPI-XHE-XM-FAB-EQ5,2.000000E-01
154,BE268,HPI-XHE-XM-FAB-EQ6,5.000000E-01
155,BE269,HPR-XHE-XM-RC-EQ3,3.000000E-03
156,BE27,MFW-CKV-CC-004,9.240000E-06
157,BE271,IE-EQ-BIN6,1.170000E-07
158,BE277,SGS-EQ3-CD,4.548000E-04
159,BE278,STR-EQ1-CD,3.985000E-09
160,BE279,SGS-EQ1-CD,1.537000E-10
161,BE28,AFW-CKV-CC-001A,9.240000E-06
162,BE280,STR-EQ2-CD,5.412000E-05
163,BE281,SGS-EQ2-CD,5.480000E-06
164,BE282,STR-EQ4-CD,2.426000E-02
165,BE283,SGS-EQ4-CD,6.230000E-03
166,BE284,STR-EQ5-CD,1.240000E-01
167,BE285,SGS-EQ5-CD,4.634000E-02
168,BE286,STR-EQ6-CD,5.551000E-01
169,BE287,SGS-EQ6-CD,3.492000E-01
170,BE288,IE-EQ-BIN7,1.020000E-08
171,BE289,STR-EQ7-CD,8.304000E-01
172,BE29,AFW-MDP-FS-A,1.000000E+00
173,BE29,AFW-MDP-FS-A,7.940000E-04
174,BE290,SGS-EQ7-CD,6.663000E-01
175,BE2900,RCS-CKV-CC-001,9.240000E-06
176,BE2901,RCS-CKV-CC-002,9.240000E-06
177,BE2902,RCS-CKV-CC-003,9.240000E-06
178,BE2903,RCS-CKV-CC-004,9.240000E-06
179,BE2905,SIS-MOV-OC-001A,7.776000E-07
180,BE2908,SIS-MOV-OC-001B,7.776000E-07
181,BE2909,SIS-MDP-CF-FS,1.318000E-05
182,BE291,RCS-RCP-EQ3-LLOCA,3.789000E-02
183,BE2912,SIS-CKV-CC-003A,9.240000E-06
184,BE2913,SIS-CKV-CC-003B,9.240000E-06
185,BE2916,SIS-CKV-CF-SUC003,1.940000E-07
186,BE2917,SIS-MDP-CF-FR,1.163000E-05
187,BE292,RCS-SYS-EQ1-LLOCA,1.537000E-10
188,BE2920,RCS-CKV-CF-CC,1.214000E-07
189,BE2923,AFW-CKV-CC-002C,9.240000E-06
190,BE2924,AFW-CKV-CC-003C,9.240000E-06
191,BE2927,AFW-CKV-CC-001D,9.240000E-06
192,BE293,RCS-RCP-EQ1-LLOCA,9.986000E-07
193,BE2930,SIS-MFL-A-FT,1.000000E+00
194,BE2931,SIS-MFL-B-FT,1.000000E+00
195,BE2935,IE-L4160ACA,2.865000E-03
196,BE2936,SIS-MOV-CF-OOMF01,1.749000E-06
197,BE2937,AFW-CKV-CC-002D,9.240000E-06
198,BE2938,AFW-CKV-CC-003D,9.240000E-06
199,BE2939,AFW-CKV-CC-MPA01,9.240000E-06
200,BE294,RCS-SYS-EQ2-LLOCA,5.480000E-06
201,BE2940,AFW-CKV-CC-MPA02,9.240000E-06
202,BE2941,AFW-CKV-CC-MPB01,9.240000E-06
203,BE2942,AFW-CKV-CC-MPB02,9.240000E-06
204,BE2943,AFW-CKV-CC-TP01,9.240000E-06
205,BE2944,AFW-CKV-CC-TP02,9.240000E-06
206,BE2946,AFW-MOV-OC-004D,7.776000E-07
207,BE2947,AFW-AOV-OC-TDPSGD,2.520000E-06
208,BE2948,AFW-MOV-OC-004A,7.776000E-07
209,BE2949,AFW-AOV-OC-TDPSGA,2.520000E-06
210,BE295,RCS-RCP-EQ2-LLOCA,2.145000E-03
211,BE2950,AFW-MOV-OC-004B,7.776000E-07
212,BE2951,AFW-AOV-OC-TDPSGB,2.520000E-06
213,BE2952,AFW-MOV-OC-004C,7.776000E-07
214,BE2953,AFW-AOV-OC-TDPSGC,2.520000E-06
215,BE2955,AFW-FCV-OC-MDPA,7.776000E-07
216,BE2957,AFW-MDP-B-SEG-FT,1.000000E+00
217,BE2958,ACP-4160-A-FT,1.000000E+00
218,BE2959,AFW-TDP-SEG-FT,1.000000E+00
219,BE2960,AFW-MDP-A-SEG-FT,1.000000E+00
220,BE2962,AFW-MDP-FR-A,3.865000E-04
221,BE2963,MFW-CKV-CF-CC,1.214000E-07
222,BE2965,AFW-CKV-CF-MPTP2,6.071000E-08
223,BE2966,AFW-MDP-CF-FS,3.136000E-05
224,BE2967,AFW-MDP-CF-FR,1.059000E-05
225,BE2968,AFW-CKV-CF-MPTP1,6.071000E-08
226,BE2971,AFW-CKV-CF-001,1.214000E-07
227,BE298,RCS-SYS-EQ4-LLOCA,6.230000E-03
228,BE299,RCS-RCP-EQ4-LLOCA,1.692000E-01
229,BE2995,HPI-MOV-CF-CC-006,2.198000E-06
230,BE2997,PPR-PRV-CC-001,3.240000E-03
231,BE2998,PPR-PRV-CC-002,3.240000E-03
232,BE2999,PPR-PRV-CF-CC,4.666000E-05
233,BE30,AFW-MDP-TM-B,3.950000E-03
234,BE300,RCS-SYS-EQ5-LLOCA,6.230000E-03
235,BE3000,PPR-FT,1.000000E+00
236,BE3001,HPI-XHE-XM-FAB,2.000000E-02
237,BE3003,ACP-4160-B-FT,1.000000E+00
238,BE3004,DCP-125-1A-FT,1.000000E+00
239,BE3006,HE-SLOCA,1.000000E+00
240,BE3006,HE-SLOCA,0.000000E+00
241,BE3007,OEP-XHE-XL-NR01HGR,7.542000E-01
242,BE3008,DCP-125-1B-FT,1.000000E+00
243,BE301,RCS-RCP-EQ5-LLOCA,1.692000E-01
244,BE302,RCS-SYS-EQ6-LLOCA,4.634000E-02
245,BE303,RCS-RCP-EQ6-LLOCA,4.443000E-01
246,BE304,RCS-SYS-EQ1-SLOCA,5.075000E-05
247,BE305,RCS-SYS-EQ2-SLOCA,2.334000E-02
248,BE306,RCS-SYS-EQ4-SLOCA,4.638000E-01
249,BE307,RCS-SYS-EQ5-SLOCA,7.663000E-01
250,BE308,RCS-SYS-EQ6-SLOCA,9.783000E-01
251,BE309,LOOP-EQ1-BE,9.723000E-02
252,BE31,AFW-CKV-CC-002A,9.240000E-06
253,BE310,LOOP-EQ2-BE,7.258000E-01
254,BE311,LOOP-EQ6-BE,1.000000E+00
255,BE312,HE-EQ6,0.000000E+00
256,BE312,HE-EQ6,1.000000E+00
257,BE313,IE-FLI-CCW-RM,2.000000E-04
258,BE314,IE-FLI-CCW-RMA,1.000000E-03
259,BE315,IE-FLI-CCW-RMB,1.000000E-03
260,BE316,EPS-TNK-EQ3-DGN,2.556000E-02
261,BE317,IE-FLI-CVC-RM,7.000000E-05
262,BE318,EPS-TNK-EQ1-DGN,4.146000E-07
263,BE319,ACC-TNK-EQ1-BE,6.504000E-06
264,BE320,ACC-TNK-EQ2-BE,6.904000E-03
265,BE321,ACC-TNK-EQ3-BE,8.349000E-02
266,BE322,ACC-TNK-EQ4-BE,2.865000E-01
267,BE323,ACC-TNK-EQ5-BE,6.001000E-01
268,BE324,ACC-TNK-EQ6-BE,9.391000E-01
269,BE325,ACC-TNK-EQ-FT,1.000000E+00
270,BE326,ACP-BAC-EQ1-480V,5.075000E-05
271,BE327,ACP-BAC-EQ2-480V,2.334000E-02
272,BE328,ACP-BAC-EQ3-480V,1.817000E-01
273,BE329,ACP-BAC-EQ4-480V,4.638000E-01
274,BE33,IE-LODCB,5.000000E-04
275,BE330,ACP-BAC-EQ5-480V,7.663000E-01
276,BE333,ACP-BAC-EQ6-480V,9.783000E-01
277,BE334,ACP-480V-EQ-FT,1.000000E+00
278,BE3341,ACP-BAC-LP-1A,1.000000E+00
279,BE3341,ACP-BAC-LP-1A,2.292000E-05
280,BE3342,OEP-XHE-XL-NR01HPC,1.000000E+00
281,BE3342,OEP-XHE-XL-NR01HPC,3.825000E-01
282,BE3344,OEP-XHE-XL-NR01HSC,5.441000E-01
283,BE3345,OEP-XHE-XL-NR01HWR,7.876000E-01
284,BE3346,IE-XLOCA,1.000000E-07
285,BE3348,CCW-1A-FT,1.000000E+00
286,BE3349,CCW-1B-FT,1.000000E+00
287,BE335,ACP-BAC-EQ1-4KV,2.497000E-06
288,BE3350,SWS-1A-FT,1.000000E+00
289,BE3351,SWS-1B-FT,1.000000E+00
290,BE3353,IE-L4160ACB,2.865000E-03
291,BE3355,OEP-XHE-XL-NR02HGR,5.372000E-01
292,BE3356,LPI-CKV-CC-003A,9.240000E-06
293,BE3357,LPI-CKV-CC-003B,9.240000E-06
294,BE3358,LPI-MOV-OC-001A,7.776000E-07
295,BE3359,LPI-MOV-OC-001B,7.776000E-07
296,BE336,ACP-BAC-EQ2-4KV,3.823000E-03
297,BE3360,OEP-XHE-XL-NR02HPC,1.000000E+00
298,BE3360,OEP-XHE-XL-NR02HPC,2.242000E-01
299,BE3361,LPI-MOV-OC-002A,7.776000E-07
300,BE3362,LPI-MOV-OC-002B,7.776000E-07
301,BE3363,LPI-MOV-OC-012A,7.776000E-07
302,BE3364,LPI-MOV-OC-012B,7.776000E-07
303,BE3365,LPI-MOV-CC-004B,2.510000E-04
304,BE3366,LPI-MOV-CC-MINFL005A,2.510000E-04
305,BE3368,LPI-XVM-OC-007B,1.217000E-06
306,BE3369,LPI-MDP-FR-1A,3.865000E-04
307,BE337,ACP-BAC-EQ3-4KV,5.625000E-02
308,BE3370,LPI-MDP-FR-1B,3.865000E-04
309,BE3371,LPI-MDP-FS-1A,1.000000E+00
310,BE3371,LPI-MDP-FS-1A,7.940000E-04
311,BE3372,LPI-MDP-FS-1B,7.940000E-04
312,BE3373,LPI-MDP-TM-1A,4.220000E-03
313,BE3374,LPI-MDP-TM-1B,4.220000E-03
314,BE3375,OEP-XHE-XL-NR02HSC,3.630000E-01
315,BE3376,HPI-XHE-XM-THRTL,1.000000E-03
316,BE3379,LPI-MDP-B-SEG-FT,1.000000E+00
317,BE338,ACP-BAC-EQ4-4KV,2.210000E-01
318,BE3380,LPI-CKV-CF-CC003,1.940000E-07
319,BE3383,LPI-MDP-CF-FR,2.079000E-05
320,BE3384,LPI-MDP-CF-FS,2.962000E-05
321,BE3386,OEP-XHE-XL-NR02HWR,6.771000E-01
322,BE3387,EPS-DCP-125-1A-FT,1.000000E+00
323,BE3389,LPR-MOV-CC-009A,4.210000E-04
324,BE339,ACP-BAC-EQ5-4KV,5.194000E-01
325,BE3390,LPR-MOV-CC-009B,4.210000E-04
326,BE3391,LPR-MOV-CF-CC-009,7.789000E-06
327,BE3393,LPR-MDP-A-SEG-FT,1.000000E+00
328,BE3394,LPR-MDP-B-SEG-FT,1.000000E+00
329,BE3395,LPR-HTX-RP-A,1.006000E-06
330,BE3396,LPR-HTX-LK-A,6.696000E-06
331,BE3399,LPR-HTX-PG-A,9.240000E-06
332,BE34,HE-LODCA,0.000000E+00
333,BE34,HE-LODCA,1.000000E+00
334,BE340,ACP-BAC-EQ6-4KV,9.103000E-01
335,BE3400,LPR-HTX-RP-B,1.006000E-06
336,BE3401,LPR-HTX-LK-B,6.696000E-06
337,BE3404,LPR-HTX-PG-B,9.240000E-06
338,BE3405,LPR-HTX-A-FT,1.000000E+00
339,BE3406,LPR-HTX-B-FT,1.000000E+00
340,BE3409,RCS-MDP-LK,2.100000E-01
341,BE341,ACP-4KV-EQ-FT,1.000000E+00
342,BE3410,RCS-XHE-XM-TRIP,1.000000E-03
343,BE3417,RCS-POWER-HIGH,9.000000E-01
344,BE3418,IE-SLOCA,4.010000E-04
345,BE3419,ACC-CKV-CC-001A,9.240000E-06
346,BE342,AFW-MDP-EQ1-BE,6.504000E-06
347,BE3420,ACC-CKV-CC-001B,9.240000E-06
348,BE3421,ACC-CKV-CC-001C,9.240000E-06
349,BE3422,ACC-CKV-CC-001D,9.240000E-06
350,BE3424,ACC-CKV-CF-CC001,1.214000E-07
351,BE3426,ACC-MOV-OC-002A,7.776000E-07
352,BE3427,ACC-MOV-OC-002B,7.776000E-07
353,BE3428,ACC-MOV-OC-002C,7.776000E-07
354,BE3429,ACC-MOV-OC-002D,7.776000E-07
355,BE343,AFW-MDP-EQ2-BE,6.904000E-03
356,BE3430,ACC-TNK-RP-ACCA,2.016000E-07
357,BE3431,ACC-TNK-RP-ACCB,2.016000E-07
358,BE3432,ACC-TNK-RP-ACCC,2.016000E-07
359,BE3434,ACC-TNK-LK-ACCA,2.880000E-06
360,BE3435,ACC-TNK-LK-ACCB,2.880000E-06
361,BE3436,ACC-TNK-LK-ACCC,2.880000E-06
362,BE3438,ACC-TNK-FC-ACCA,4.608000E-06
363,BE3439,ACC-TNK-FC-ACCB,4.608000E-06
364,BE3440,ACC-TNK-FC-ACCC,4.608000E-06
365,BE3444,IE-LSSB,3.010000E-04
366,BE3446,EPS-DCP-125-1B-FT,1.000000E+00
367,BE3453,CCW-TRN-OP-STDYA,5.000000E-01
368,BE3456,HE-LOOP-A,0.000000E+00
369,BE3456,HE-LOOP-A,1.000000E+00
370,BE3457,CCW-TRN-OP-STDYB,5.000000E-01
371,BE3458,ACP-CRB-CO-A106,2.393000E-06
372,BE3459,EPS-XHE-XL-NR01H,8.880000E-01
373,BE3460,EPS-XHE-XL-NR02H,8.240000E-01
374,BE3462,CCW-HTX-CF-PG,3.479000E-07
375,BE3463,EPS-XHE-XL-NR08H,5.990000E-01
376,BE3464,CCW-HTX-PG-1A,1.279000E-05
377,BE3465,CCW-HTX-PG-1B,1.279000E-05
378,BE3469,CCW-MDP-CF-FTR,1.000000E+00
379,BE3469,CCW-MDP-CF-FTR,2.061000E-07
380,BE3470,CCW-MDP-CF-FTS,1.913000E-06
381,BE3470,CCW-MDP-CF-FTS,1.000000E+00
382,BE3471,LOSC-FT,1.000000E+00
383,BE3473,CCW-MDP-FR-1A,6.624000E-05
384,BE3474,CCW-MDP-FR-1B,6.624000E-05
385,BE3475,CCW-MDP-FR-1C,6.624000E-05
386,BE3476,OEP-XHE-XL-NR01H,6.461000E-01
387,BE3477,CCW-MDP-FS-1A,8.780000E-04
388,BE3478,CCW-MDP-FS-1B,1.000000E+00
389,BE3478,CCW-MDP-FS-1B,8.780000E-04
390,BE3480,OEP-XHE-XL-NR02H,4.683000E-01
391,BE3481,CCW-MDP-FS-1C,1.000000E+00
392,BE3481,CCW-MDP-FS-1C,8.780000E-04
393,BE3484,OEP-XHE-XL-NR08H,1.677000E-01
394,BE3485,CCW-MDP-TM-1C,5.910000E-03
395,BE3493,LPI-MOV-OC-004A,7.776000E-07
396,BE3497,MFW-EQUIPMENT-FA,9.600000E-03
397,BE35,CVC-MDP-CF-FS,6.535000E-06
398,BE3516,RCS-MOV-CC-007A,4.210000E-04
399,BE3521,RCS-MOV-CC-008A,4.210000E-04
400,BE3522,PZR-FT,1.000000E+00
401,BE3523,RCS-MOV-CC-008B,4.210000E-04
402,BE3529,RHR-MDP-A-SEG-FT,1.000000E+00
403,BE353,AFW-MDP-EQ3-BE,8.349000E-02
404,BE3530,RHR-MDP-B-SEG-FT,1.000000E+00
405,BE3531,RCS-XHE-XM-SGTR,1.000000E-03
406,BE3532,HE-LOCCW,0.000000E+00
407,BE3533,EPS-CRB-OO-A104,2.490000E-03
408,BE3534,EPS-DGN-LR-DGNA,3.713000E-03
409,BE3535,EPS-DGN-FR-DGNA,3.436000E-02
410,BE3536,EPS-DGN-FS-DGNA,1.000000E+00
411,BE3536,EPS-DGN-FS-DGNA,2.880000E-03
412,BE3537,EPS-DGNA-FT,1.000000E+00
413,BE3538,ACP-4160-A-FT-T,1.000000E+00
414,BE3539,ACP-CRB-OO-A102,2.490000E-03
415,BE354,AFW-MDP-EQ4-BE,2.865000E-01
416,BE3540,ACP-TFM-FC-X1A,6.936000E-05
417,BE3541,ACP-BAC-LP-SWY101,2.292000E-05
418,BE3542,ACP-CRB-CO-A103,2.760000E-06
419,BE3543,ACP-BAC-LP-X1A,2.292000E-05
420,BE3544,ACP-BAC-LP-1B,2.292000E-05
421,BE3544,ACP-BAC-LP-1B,1.000000E+00
422,BE3545,ACP-CRB-CC-B101,2.490000E-03
423,BE3546,ACP-CRB-OC-B103,2.760000E-06
424,BE3547,ACP-CRB-OO-B102,2.490000E-03
425,BE3548,ACP-TFM-FC-XB,6.936000E-05
426,BE3549,ACP-BAC-LP-XB,2.292000E-05
427,BE355,AFW-MDP-EQ5-BE,6.001000E-01
428,BE3550,ACP-4160-B-FT-T,1.000000E+00
429,BE3552,EPS-DGNB-FT,1.000000E+00
430,BE3553,EPS-CRB-OO-B104,2.490000E-03
431,BE3554,EPS-DGN-LR-DGNB,3.713000E-03
432,BE3555,EPS-DGN-FR-DGNB,3.436000E-02
433,BE3556,EPS-DGN-FS-DGNB,1.000000E+00
434,BE3556,EPS-DGN-FS-DGNB,2.880000E-03
435,BE3558,IE-LOCCW,1.000000E+00
436,BE3559,EPS-DGN-TM-DGNA,1.340000E-02
437,BE356,AFW-MDP-EQ6-BE,9.391000E-01
438,BE3560,EPS-DGN-TM-DGNB,1.340000E-02
439,BE3561,EPS-DGN-CF-FS,2.759000E-05
440,BE3562,EPS-DGN-CF-FR,5.429000E-04
441,BE3563,EPS-DGN-CF-FTLR,2.135000E-05
442,BE3564,EPS-SEQ-FC-DGNA,1.140000E-04
443,BE3565,EPS-SEQ-FC-DGNB,1.140000E-04
444,BE3567,PCS-SGT-RP-SLBISGTR,1.000000E-03
445,BE3569,CCW-MDP-EQ-FT,1.000000E+00
446,BE357,AFW-MDP-EQ-FT,1.000000E+00
447,BE3570,CST-EQ-FT,1.000000E+00
448,BE3572,ACP-BAC-LP-480V1A,2.292000E-05
449,BE3573,ACP-CRB-CO-A105,2.393000E-06
450,BE3574,ACP-TFM-FC-480V1A,6.936000E-05
451,BE3575,DCP-BCH-FC-A01,6.216000E-05
452,BE3577,EPS-EQ-FT,1.000000E+00
453,BE358,AFW-TDP-EQ1-BE,4.928000E-04
454,BE3582,DCP-BAT-LP-A01,8.928000E-06
455,BE3583,DCP-BCH-TM-A01,2.000000E-03
456,BE3584,DCP-BDC-LP-1B,5.208000E-06
457,BE3584,DCP-BDC-LP-1B,1.000000E+00
458,BE3587,DCP-BCH-FC-B01,6.216000E-05
459,BE3588,DCP-BCH-CF-ALL,7.894000E-07
460,BE359,AFW-TDP-EQ2-BE,8.122000E-02
461,BE3591,DCP-BAT-LP-B01,8.928000E-06
462,BE3592,DCP-BAT-CF-ALL,1.562000E-07
463,BE3593,DCP-BDC-LP-1A,1.000000E+00
464,BE3593,DCP-BDC-LP-1A,5.208000E-06
465,BE3594,STR-EQ3-CD,2.626000E-03
466,BE3595,RCS-SYS-EQ3-LLOCA,4.548000E-04
467,BE3596,LOOP-EQ3-BE,9.536000E-01
468,BE3599,CCW-FT,1.000000E+00
469,BE36,CVC-MDP-CF-FR,9.508000E-06
470,BE360,AFW-TDP-EQ3-BE,3.758000E-01
471,BE3600,CCW-MDP-1A-R-FT,1.000000E+00
472,BE3601,CCW-MDP-1B-R-FT,1.000000E+00
473,BE3602,CCW-MDP-1C-FT,1.000000E+00
474,BE3608,RCS-SYS-EQ3-SLOCA,1.817000E-01
475,BE361,AFW-TDP-EQ4-BE,6.920000E-01
476,BE3613,DCP-BCH-TM-B01,2.000000E-03
477,BE362,AFW-TDP-EQ5-BE,9.064000E-01
478,BE3622,ACP-CRB-CC-A101,2.490000E-03
479,BE3623,ACP-CRB-CC-A001,2.490000E-03
480,BE3628,ACP-CRB-CC-B001,2.490000E-03
481,BE363,AFW-TDP-EQ6-BE,9.955000E-01
482,BE3632,DGNA-HW-FT,1.000000E+00
483,BE3633,DGNB-HW-FT,1.000000E+00
484,BE3634,RPS-BME-CF-RTBAB,1.610000E-06
485,BE3635,RPS-CBI-CF-4OF6,8.210000E-06
486,BE3636,RPS-CBI-CF-6OF8,2.700000E-06
487,BE3637,RPS-CCP-TM-CHA,5.000000E-03
488,BE3638,RPS-CCX-CF-4OF6,6.330000E-06
489,BE3639,RPS-CCX-CF-6OF8,1.830000E-06
490,BE364,AFW-TDP-EQ-FT,1.000000E+00
491,BE3640,RPS-CRM-CF-RCCAS,1.210000E-06
492,BE3641,RPS-UVL-CF-UVDAB,1.040000E-05
493,BE3642,RPS-XHE-XM-NSGNL,1.200000E-01
494,BE3643,RPS-XHE-XM-SIGNL,1.000000E-02
495,BE3645,RPS-FT,1.000000E+00
496,BE3647,HE-LOOP-B,1.000000E+00
497,BE3647,HE-LOOP-B,0.000000E+00
498,BE365,CCW-MDP-EQ1-BE,6.504000E-06
499,BE3650,ACP-BAC-LP-SWGC,2.292000E-05
500,BE3651,ACP-CRB-OO-SWGC,2.050000E-03
501,BE3653,DCP-BDC-LP-SWGC,5.208000E-06
502,BE3654,EPS-FAN-FS-SBOHVAC,6.520000E-04
503,BE3655,EPS-DGN-FR-SBO,3.391000E-02
504,BE3656,EPS-XHE-XM-SBODG,4.000000E-02
505,BE366,CCW-MDP-EQ2-BE,6.904000E-03
506,BE3660,EPS-SBO-DG,1.000000E+00
507,BE3665,HE-SBO,0.000000E+00
508,BE3666,SWS-1C-FT,1.000000E+00
509,BE367,CCW-MDP-EQ3-BE,8.349000E-02
510,BE3670,CCW-HTX-RP-1B,1.006000E-06
511,BE3672,CCW-HTX-LK-1B,6.696000E-06
512,BE3678,CCW-HTX-RP-1A,1.006000E-06
513,BE3679,CCW-HTX-LK-1A,6.696000E-06
514,BE368,CCW-MDP-EQ4-BE,2.865000E-01
515,BE3682,CCW-HTX-1A-FT,1.000000E+00
516,BE3683,CCW-HTX-1B-FT,1.000000E+00
517,BE3685,AFW-TNK-FC-CST,6.264000E-06
518,BE3686,SWS-MDP-FR-1A,1.574000E-04
519,BE3687,SWS-MDP-FR-1B,1.574000E-04
520,BE3688,SWS-MDP-FR-1C,1.574000E-04
521,BE3689,SWS-MDP-FS-1A,1.000000E+00
522,BE3689,SWS-MDP-FS-1A,8.410000E-04
523,BE369,CCW-MDP-EQ5-BE,6.001000E-01
524,BE3690,SWS-MDP-FS-1B,1.000000E+00
525,BE3690,SWS-MDP-FS-1B,8.410000E-04
526,BE3691,SWS-MDP-FS-1C,1.000000E+00
527,BE3691,SWS-MDP-FS-1C,8.410000E-04
528,BE3692,SWS-MDP-TM-1A,4.220000E-03
529,BE3693,SWS-MDP-TM-1B,4.220000E-03
530,BE3694,SWS-MDP-TM-1C,4.220000E-03
531,BE3695,SWS-CKV-CC-001A,9.240000E-06
532,BE3696,SWS-CKV-CC-001B,9.240000E-06
533,BE3697,SWS-CKV-CC-001C,9.240000E-06
534,BE3698,SWS-STR-PG-1A,3.312000E-05
535,BE3699,SWS-STR-PG-1B,3.312000E-05
536,BE37,HPI-CKV-CF-004,1.940000E-07
537,BE370,CCW-MDP-EQ6-BE,9.391000E-01
538,BE3700,SWS-STR-PG-1C,3.312000E-05
539,BE3702,SWS-MDP-CF-FTS,3.689000E-06
540,BE3703,SWS-MDP-CF-FTR,4.022000E-07
541,BE3704,SWS-XVM-CO-002B,1.217000E-06
542,BE3709,SWS-CKV-CF-CC001,6.071000E-08
543,BE371,CCW-HTX-EQ1-BE,4.928000E-04
544,BE3710,SWS-STR-CF-PG,6.592000E-07
545,BE3711,EPS-SWS-1A-FT,1.000000E+00
546,BE3713,IE-EQ-BIN3,2.170000E-06
547,BE3714,EPS-SWS-1B-FT,1.000000E+00
548,BE372,CCW-HTX-EQ2-BE,8.122000E-02
549,BE3723,HPI-MOV-OO-006A,3.350000E-04
550,BE3724,HPI-MOV-OO-006B,3.350000E-04
551,BE3727,HPR-RHR-MDPA-FT,1.000000E+00
552,BE373,CCW-HTX-EQ3-BE,3.758000E-01
553,BE3731,PPR-PRV-OO-001,7.340000E-04
554,BE3731,PPR-PRV-OO-001,0.000000E+00
555,BE3732,CSS-SMP-PG-A,8.208000E-06
556,BE3733,CSS-SMP-PG-B,8.208000E-06
557,BE3734,CSS-SMP-CF-PG,2.930000E-07
558,BE3736,IE-EQ-BIN4,6.120000E-07
559,BE3737,IE-EQ-BIN5,3.310000E-07
560,BE3738,HE-EQ1,0.000000E+00
561,BE3738,HE-EQ1,1.000000E+00
562,BE3739,ACP480-1A-FT,1.000000E+00
563,BE374,CCW-HTX-EQ4-BE,6.920000E-01
564,BE3742,ACP480-1B-FT,1.000000E+00
565,BE375,CCW-HTX-EQ5-BE,9.064000E-01
566,BE3753,HPR-XHE-XM-RC,1.000000E-03
567,BE3754,PPR-PRV-OO-002,0.000000E+00
568,BE3754,PPR-PRV-OO-002,7.340000E-04
569,BE3755,PPR-SRV-OO-001,0.000000E+00
570,BE3755,PPR-SRV-OO-001,7.340000E-04
571,BE3756,PPR-SRV-OO-002,0.000000E+00
572,BE3756,PPR-SRV-OO-002,7.340000E-04
573,BE3757,PPR-SRV-OO-003,7.340000E-04
574,BE3757,PPR-SRV-OO-003,0.000000E+00
575,BE3758,ACP-BAC-LP-480V1B,2.292000E-05
576,BE3759,ACP-TFM-FC-480V1B,6.936000E-05
577,BE376,CCW-HTX-EQ6-BE,9.955000E-01
578,BE3760,ACP-CRB-CO-B105,2.393000E-06
579,BE3761,ACP-CRB-CO-B106,2.393000E-06
580,BE3766,SWS-XVM-OO-002A,4.590000E-04
581,BE3768,PORV-PRV-CO-TRANS,3.550000E-02
582,BE3768,PORV-PRV-CO-TRANS,1.000000E+00
583,BE377,CCW-HTX-EQ-FT,1.000000E+00
584,BE3772,SIS-MOV-OO-MFA01,3.350000E-04
585,BE3773,SIS-MOV-OO-MFB01,3.350000E-04
586,BE378,AFW-TNK-EQ1-CST,1.535000E-04
587,BE3781,HPR-RHR-MDPB-FT,1.000000E+00
588,BE379,AFW-TNK-EQ2-CST,4.348000E-02
589,BE3790,MSS-ARV-CC-001A,4.910000E-03
590,BE3791,MSS-ARV-CC-001B,4.910000E-03
591,BE3792,MSS-ARV-CC-001C,4.910000E-03
592,BE3793,MSS-ARV-CC-001D,4.910000E-03
593,BE3794,SSC-1-FT,1.000000E+00
594,BE3795,MSS-ARV-CF-PORV,2.923000E-05
595,BE38,HPI-CKV-CF-005,1.940000E-07
596,BE380,AFW-TNK-EQ3-CST,2.639000E-01
597,BE381,AFW-TNK-EQ4-CST,5.741000E-01
598,BE3810,PPR-AOV-CC-001A,7.780000E-04
599,BE3811,PPR-AOV-CC-001B,7.780000E-04
600,BE3812,PPR-AOV-CF-CC,2.933000E-05
601,BE3813,PZR-2-FT,1.000000E+00
602,BE3814,PZR-1-FT,1.000000E+00
603,BE3815,RCS-XHE-XM-ECA312,4.000000E-03
604,BE3816,MSS-XHE-XM-SGISO,1.000000E-03
605,BE3817,HE-EQ2,1.000000E+00
606,BE3817,HE-EQ2,0.000000E+00
607,BE3818,HE-EQ3,1.000000E+00
608,BE3818,HE-EQ3,0.000000E+00
609,BE3819,HE-EQ4,0.000000E+00
610,BE3819,HE-EQ4,1.000000E+00
611,BE382,AFW-TNK-EQ5-CST,8.424000E-01
612,BE3820,HE-EQ5,0.000000E+00
613,BE3820,HE-EQ5,1.000000E+00
614,BE3827,HE-SGTR,1.000000E+00
615,BE3827,HE-SGTR,0.000000E+00
616,BE383,AFW-TNK-EQ6-CST,9.892000E-01
617,BE3833,PPR-SRV-CC-001,5.160000E-04
618,BE3834,RCS-PHIN-MODPOOR,1.400000E-02
619,BE3837,AFW-SG-A,1.000000E+00
620,BE3838,AFW-SG-B,1.000000E+00
621,BE3839,AFW-SG-C,1.000000E+00
622,BE384,CVC-MDP-EQ1-BE,6.504000E-06
623,BE3840,AFW-SG-D,1.000000E+00
624,BE3842,MSS-SVV-OO-003A,1.230000E-04
625,BE3843,HPI-XHE-XM-RWSTR1,1.000000E+00
626,BE3844,SGI1-FT,1.000000E+00
627,BE3849,MSS-SVV-OO-003B,1.230000E-04
628,BE385,CVC-MDP-EQ2-BE,6.904000E-03
629,BE3854,MSS-SVV-OO-003C,1.230000E-04
630,BE3859,MSS-SVV-OO-003D,1.230000E-04
631,BE386,CVC-MDP-EQ3-BE,8.349000E-02
632,BE3864,PPR-SRV-CC-002,5.160000E-04
633,BE3865,PPR-SRV-CC-003,5.160000E-04
634,BE3868,MSS-SYS-RF-SGTRD,2.500000E-01
635,BE3869,MSS-SYS-RF-SGTRA,2.500000E-01
636,BE387,CVC-MDP-EQ4-BE,2.865000E-01
637,BE3870,MSS-SYS-RF-SGTRB,2.500000E-01
638,BE3871,MSS-SYS-RF-SGTRC,2.500000E-01
639,BE3875,HPI-CVC-FT,1.000000E+00
640,BE3877,CVC-MOV-CC-TRNA,4.210000E-04
641,BE3878,CVC-MOV-CC-TRNB,4.210000E-04
642,BE388,CVC-MDP-EQ5-BE,6.001000E-01
643,BE3884,CVC-FT,1.000000E+00
644,BE3886,CVC-MOV-OC-001,7.776000E-07
645,BE3887,CVC-MOV-OC-002,7.776000E-07
646,BE389,CVC-MDP-EQ6-BE,9.391000E-01
647,BE3890,CVC-XHE-XM-BORATION,2.000000E-02
648,BE390,CVC-MDP-EQ-FT,1.000000E+00
649,BE3903,MFW-XHE-XM-ERROR,4.000000E-02
650,BE3905,HE-LOMFW,0.000000E+00
651,BE3905,HE-LOMFW,1.000000E+00
652,BE3906,AFW-XHE-XM-CST,1.000000E-04
653,BE3907,HPI-XHE-XM-RWSTR,1.000000E-03
654,BE3908,PPR-PRV-OO-001AL,6.250000E-02
655,BE3909,PPR-PRV-OO-002AL,6.250000E-02
656,BE391,DCP-BAT-EQ1-BE,4.928000E-04
657,BE3910,PPR-SRV-OO-001L,1.000000E-01
658,BE3911,PPR-SRV-OO-002L,1.000000E-01
659,BE3912,PPR-SRV-OO-003L,1.000000E-01
660,BE3915,SIS-MDP-EQ-FT,1.000000E+00
661,BE3917,RPS-EQ-FT,1.000000E+00
662,BE3918,RWST-EQ-FT,1.000000E+00
663,BE3919,SWS-MDP-EQ-FT,1.000000E+00
664,BE392,DCP-BAT-EQ2-BE,8.122000E-02
665,BE3925,LOOP-EQ4-BE,9.938000E-01
666,BE3926,LOOP-EQ5-BE,9.995000E-01
667,BE393,DCP-BAT-EQ3-BE,3.758000E-01
668,BE394,DCP-BAT-EQ4-BE,6.920000E-01
669,BE3945,OEP-XHE-XL-NR08HGR,1.367000E-01
670,BE3946,OEP-XHE-XL-NR08HPC,4.687000E-02
671,BE3947,OEP-XHE-XL-NR08HSC,1.016000E-01
672,BE3948,OEP-XHE-XL-NR08HWR,4.141000E-01
673,BE395,DCP-BAT-EQ5-BE,9.064000E-01
674,BE396,DCP-BAT-EQ6-BE,9.955000E-01
675,BE397,DCP-BAT-EQ-FT,1.000000E+00
676,BE3975,IE-FRI-MCR-EVAC,3.000000E-05
677,BE3977,HPI-XHE-XM-FAB-EQ3,6.000000E-02
678,BE398,DCP-BCH-EQ1-BE,7.894000E-08
679,BE3982,CVC-XHE-XM-BORATION-EQ3,6.000000E-02
680,BE3985,IEFT-ISL-RHR-HLS-FT,8.968000E-08
681,BE3986,IEFT-ISL-RHR-CL-FT,2.116000E-09
682,BE399,DCP-BCH-EQ2-BE,4.108000E-04
683,BE4,AFW-FT,1.000000E+00
684,BE400,DCP-BCH-EQ3-BE,1.175000E-02
685,BE4004,LPI-MOV-OO-001A,3.350000E-04
686,BE4007,ISL-XHE-XE-REC,4.000000E-03
687,BE401,DCP-BCH-EQ4-BE,7.396000E-02
688,BE4011,ISL-XHE-XD-DIAG,4.000000E-02
689,BE402,DCP-BCH-EQ5-BE,2.645000E-01
690,BE4025,AFW-XHE-XM-TDPMAN,3.000000E-01
691,BE4026,DCP-BAT-LP-SCBAT,7.968000E-06
692,BE4029,EPS-XHE-XL-NR24H8,5.521000E-01
693,BE403,DCP-BCH-EQ6-BE,7.468000E-01
694,BE4031,EPS-XHE-XL-NR72H8,1.531000E-01
695,BE4037,FLX-DGN-CF-FR,5.358000E-04
696,BE4038,FLX-DGN-CF-FS,2.740000E-05
697,BE4039,FLX-DGN-CF-LR,2.129000E-05
698,BE404,DCP-BCH-EQ-FT,1.000000E+00
699,BE4040,FLX-DGN-FR-DG1,3.391000E-02
700,BE4041,FLX-DGN-FR-DG2,3.391000E-02
701,BE4042,FLX-DGN-FS-DG1,2.860000E-03
702,BE4043,FLX-DGN-FS-DG2,2.860000E-03
703,BE4044,FLX-DGN-LR-DG1,3.703000E-03
704,BE4045,FLX-DGN-LR-DG2,3.703000E-03
705,BE4046,FLX-EDP-CF-FRMUP,1.241000E-03
706,BE4047,FLX-EDP-CF-FRSGP,1.241000E-03
707,BE4048,FLX-EDP-CF-FSMUP,6.293000E-05
708,BE4049,FLX-EDP-CF-FSSGP,6.293000E-05
709,BE405,EPS-DGN-EQ1-BE,6.504000E-06
710,BE4050,FLX-EDP-CF-LRMUP,2.841000E-05
711,BE4051,FLX-EDP-CF-LRSGP,2.841000E-05
712,BE4052,FLX-EDP-FR-MUP1,4.055000E-02
713,BE4053,FLX-EDP-FR-MUP2,4.055000E-02
714,BE4054,FLX-EDP-FR-SGP1,4.055000E-02
715,BE4055,FLX-EDP-FR-SGP2,4.055000E-02
716,BE4056,FLX-EDP-FS-MUP1,2.170000E-03
717,BE4057,FLX-EDP-FS-MUP2,2.170000E-03
718,BE4058,FLX-EDP-FS-SGP1,2.170000E-03
719,BE4059,FLX-EDP-FS-SGP2,2.170000E-03
720,BE4060,FLX-EDP-LR-MUP1,9.795000E-04
721,BE4061,FLX-EDP-LR-MUP2,9.795000E-04
722,BE4062,FLX-EDP-LR-SGP1,9.795000E-04
723,BE4063,FLX-EDP-LR-SGP2,9.795000E-04
724,BE4064,FLX-SGP-REFILL,0.000000E+00
725,BE4065,FLX-XHE-XE-ELAP,1.000000E-02
726,BE4066,FLX-XHE-XM-480,1.000000E-02
727,BE4067,FLX-XHE-XM-MUP,1.000000E-02
728,BE4068,FLX-XHE-XM-SGP,1.000000E-02
729,BE4069,OEP-XHE-XL-NR24H8,3.524000E-01
730,BE4070,OEP-XHE-XL-NR72H8,6.835000E-02
731,BE4088,FLEX-BLDG-EQ,1.000000E+00
732,BE4089,FLEX-DG1-FT,1.000000E+00
733,BE4090,FLEX-DG2-FT,1.000000E+00
734,BE4091,FLEX-MUP1-FT,1.000000E+00
735,BE4092,FLEX-MUP2-FT,1.000000E+00
736,BE4093,FLEX-SGP1-FT,1.000000E+00
737,BE4094,FLEX-SGP2-FT,1.000000E+00
738,BE41,IE-EQ-BIN1,9.950000E-05
739,BE414,EPS-DGN-EQ2-BE,6.904000E-03
740,BE415,EPS-TNK-EQ2-DGN,1.220000E-03
741,BE416,EPS-DGN-EQ3-BE,8.349000E-02
742,BE417,EPS-DGN-EQ4-BE,2.865000E-01
743,BE418,EPS-TNK-EQ4-DGN,1.288000E-01
744,BE419,EPS-DGN-EQ5-BE,6.001000E-01
745,BE42,IE-EQ-BIN2,8.260000E-06
746,BE420,EPS-TNK-EQ5-DGN,3.765000E-01
747,BE421,EPS-DGN-EQ6-BE,9.391000E-01
748,BE422,EPS-TNK-EQ6-DGN,8.362000E-01
749,BE423,FLX-BLDG-EQ1-BE,5.075000E-05
750,BE424,FLX-BLDG-EQ2-BE,2.334000E-02
751,BE425,FLX-BLDG-EQ3-BE,1.817000E-01
752,BE426,FLX-BLDG-EQ4-BE,4.638000E-01
753,BE427,FLX-BLDG-EQ5-BE,7.663000E-01
754,BE428,FLX-BLDG-EQ6-BE,9.783000E-01
755,BE429,RHR-MDP-EQ1-BE,6.504000E-06
756,BE430,RHR-MDP-EQ2-BE,6.904000E-03
757,BE431,RHR-MDP-EQ3-BE,8.349000E-02
758,BE432,RHR-MDP-EQ4-BE,2.865000E-01
759,BE433,RHR-MDP-EQ5-BE,6.001000E-01
760,BE434,RHR-MDP-EQ6-BE,9.391000E-01
761,BE435,RHR-MDP-EQ-FT,1.000000E+00
762,BE436,HPR-XHE-XM-RC-EQ4,5.000000E-03
763,BE437,HPR-XHE-XM-RC-EQ5,1.000000E-02
764,BE438,RHR-HTX-EQ1-BE,4.928000E-04
765,BE439,RHR-HTX-EQ2-BE,8.122000E-02
766,BE440,RHR-HTX-EQ3-BE,3.758000E-01
767,BE441,RHR-HTX-EQ4-BE,6.920000E-01
768,BE442,RHR-HTX-EQ5-BE,9.064000E-01
769,BE443,RHR-HTX-EQ6-BE,9.955000E-01
770,BE444,RHR-HTX-EQ-FT,1.000000E+00
771,BE445,RPS-ROD-EQ1-BE,2.497000E-06
772,BE446,RPS-ROD-EQ2-BE,3.823000E-03
773,BE447,RPS-ROD-EQ3-BE,5.625000E-02
774,BE448,RPS-ROD-EQ4-BE,2.210000E-01
775,BE449,RPS-ROD-EQ5-BE,5.194000E-01
776,BE45,EPS-SEQ-CF-DGAB,3.488000E-06
777,BE450,RPS-ROD-EQ6-BE,9.103000E-01
778,BE451,RWST-EQ1-BE,1.535000E-04
779,BE452,RWST-EQ2-BE,4.348000E-02
780,BE453,RWST-EQ3-BE,2.639000E-01
781,BE454,RWST-EQ4-BE,5.741000E-01
782,BE455,RWST-EQ5-BE,8.424000E-01
783,BE456,RWST-EQ6-BE,9.892000E-01
784,BE457,IE-FLI-RHR-RM,8.000000E-07
785,BE458,IE-FLI-SWS-RM,5.000000E-05
786,BE4587,EPS-DGN-LR-SBO,3.703000E-03
787,BE4588,EPS-DGN-TM-SBO,1.340000E-02
788,BE4589,EPS-DGN-FS-SBO,2.880000E-03
789,BE459,IE-FLI-SWS-RMA,4.000000E-04
790,BE46,AFW-CKV-CC-003A,9.240000E-06
791,BE460,IE-FLI-SWS-RMB,4.000000E-04
792,BE461,FLI-XHE-XM-25MIN,1.000000E-01
793,BE463,OPR-XHE-FA-ASD,8.700000E-02
794,BE464,IE-FRI-AB-SL,8.000000E-05
795,BE466,FRI-PRV-SO-001AB,1.000000E-01
796,BE467,IE-FRI-AB-LOOP,7.000000E-06
797,BE468,IE-FRI-AB-RHRA,2.000000E-03
798,BE469,AFW-TNK-HWD-CST,2.000000E-10
799,BE4690,HE-LOOP,1.000000E+00
800,BE4690,HE-LOOP,0.000000E+00
801,BE4691,EPS-FAN-FR-SBOHVAC,4.567000E-03
802,BE4692,EPS-FAN-LR-SBOHVAC,3.769000E-04
803,BE47,AFW-CKV-CC-001B,9.240000E-06
804,BE470,AFW-TNK-HCN1-CST,3.000000E-08
805,BE471,AFW-TNK-HCN2-CST,5.000000E-07
806,BE472,AFW-TNK-HCN3-CST,7.000000E-06
807,BE473,AFW-TNK-HCN4-CST,9.000000E-05
808,BE474,CST-TNK-HWD,1.000000E+00
809,BE475,SIS-MDP-EQ1-BE,6.504000E-06
810,BE476,SIS-MDP-EQ2-BE,6.904000E-03
811,BE477,SIS-MDP-EQ3-BE,8.349000E-02
812,BE478,SIS-MDP-EQ4-BE,2.865000E-01
813,BE479,SIS-MDP-EQ5-BE,6.001000E-01
814,BE48,AFW-CKV-CC-002B,9.240000E-06
815,BE480,SIS-MDP-EQ6-BE,9.391000E-01
816,BE481,SWS-MDP-EQ1-BE,6.504000E-06
817,BE482,SWS-MDP-EQ2-BE,6.904000E-03
818,BE483,SWS-MDP-EQ3-BE,8.349000E-02
819,BE484,SWS-MDP-EQ4-BE,2.865000E-01
820,BE485,SWS-MDP-EQ5-BE,6.001000E-01
821,BE486,SWS-MDP-EQ6-BE,9.391000E-01
822,BE487,RHR-MDP-A,1.000000E+00
823,BE488,RHR-MDP-B,1.000000E+00
824,BE489,IE-MLOCA,1.500000E-04
825,BE49,AFW-CKV-CC-003B,9.240000E-06
826,BE491,IE-HCN-BIN1,2.000000E-02
827,BE492,IE-HCN-BIN2,3.000000E-03
828,BE493,IE-HCN-BIN3,8.000000E-05
829,BE494,IE-TORN-BIN1,3.000000E-06
830,BE495,IE-TORN-BIN2,6.000000E-07
831,BE496,IE-TORN-BIN3,4.000000E-08
832,BE497,IE-HCN-BIN4,3.000000E-06
833,BE5,F&B-FT,1.000000E+00
834,BE50,HPI-SIS-FT,1.000000E+00
835,BE51,HPI-TNK-FC-RWST,6.264000E-06
836,BE513,HE-HCN1,0.000000E+00
837,BE513,HE-HCN1,1.000000E+00
838,BE514,HE-HCN2,0.000000E+00
839,BE514,HE-HCN2,1.000000E+00
840,BE515,HE-HCN3,1.000000E+00
841,BE515,HE-HCN3,0.000000E+00
842,BE516,HE-HCN4,0.000000E+00
843,BE516,HE-HCN4,1.000000E+00
844,BE517,HE-TOR1,0.000000E+00
845,BE517,HE-TOR1,1.000000E+00
846,BE518,HE-TOR2,1.000000E+00
847,BE518,HE-TOR2,0.000000E+00
848,BE519,HE-TOR3,0.000000E+00
849,BE519,HE-TOR3,1.000000E+00
850,BE52,HPI-XVM-OC-001,1.217000E-06
851,BE520,SSE-STR-HC1-CTBLD,3.000000E-11
852,BE521,SSE-STR-HC1-DGBLD,2.000000E-12
853,BE522,SSE-STR-HC1-RXBLD,1.000000E-11
854,BE523,SSE-STR-HC2-CTBLD,3.000000E-09
855,BE524,SSE-STR-HC2-DGBLD,2.000000E-10
856,BE525,SSE-STR-HC2-RXBLD,1.000000E-09
857,BE526,SSE-STR-HC3-CTBLD,3.000000E-07
858,BE527,SSE-STR-HC3-DGBLD,6.000000E-08
859,BE528,SSE-STR-HC3-RXBLD,7.000000E-07
860,BE529,SSE-STR-HC4-CTBLD,3.000000E-05
861,BE53,RWST-FT,1.000000E+00
862,BE530,SSE-STR-HC4-DGBLD,6.000000E-06
863,BE531,SSE-STR-HC4-RXBLD,4.000000E-05
864,BE532,SSE-STR-HWD-CTBLD,5.000000E-14
865,BE533,SSE-STR-HWD-DGBLD,2.000000E-14
866,BE534,SSE-STR-HWD-RXBLD,1.000000E-13
867,BE535,SSE-STR-TD1-CTBLD,3.000000E-08
868,BE536,SSE-STR-TD1-DGBLD,2.000000E-07
869,BE537,SSE-STR-TD1-RXBLD,6.000000E-08
870,BE538,SSE-STR-TD2-CTBLD,3.000000E-06
871,BE539,SSE-STR-TD2-DGBLD,2.000000E-05
872,BE54,SIS-MDP-FS-01A,7.940000E-04
873,BE54,SIS-MDP-FS-01A,1.000000E+00
874,BE540,SSE-STR-TD2-RXBLD,6.000000E-06
875,BE541,SSE-STR-TD3-CTBLD,3.000000E-04
876,BE542,SSE-STR-TD3-DGBLD,2.000000E-03
877,BE543,SSE-STR-TD3-RXBLD,6.000000E-04
878,BE544,HWD-SWY-LP-SWYRD,1.000000E-05
879,BE545,HCN-SWY-LP-SWYRD-1,2.000000E-04
880,BE546,HCN-SWY-LP-SWYRD-2,4.000000E-03
881,BE547,HCN-SWY-LP-SWYRD-3,8.000000E-02
882,BE548,HCN-SWY-LP-SWYRD-4,1.600000E-01
883,BE549,TOR-SWY-LP-SWYRD-1,1.000000E-02
884,BE55,AFW-CKV-CC-001C,9.240000E-06
885,BE550,TOR-SWY-LP-SWYRD-2,1.000000E-01
886,BE551,TOR-SWY-LP-SWYRD-3,5.000000E-01
887,BE552,RWST-TNK-HWD,1.000000E+00
888,BE553,HPI-TNK-HWD-RWST,2.000000E-10
889,BE554,HPI-TNK-HCN1-RWST,3.000000E-08
890,BE555,HPI-TNK-HCN2-RWST,5.000000E-07
891,BE556,HPI-TNK-HCN3-RWST,7.000000E-06
892,BE557,HPI-TNK-HCN4-RWST,9.000000E-05
893,BE558,CST-TNK-TOR,1.000000E+00
894,BE559,AFW-TNK-TOR1-CST,2.000000E-05
895,BE56,SIS-MDP-TM-01A,4.220000E-03
896,BE560,AFW-TNK-TOR2-CST,4.000000E-04
897,BE561,AFW-TNK-TOR3-CST,6.000000E-03
898,BE562,RWST-TNK-TOR,1.000000E+00
899,BE563,HPI-TNK-TOR1-RWST,2.000000E-05
900,BE564,HPI-TNK-TOR2-RWST,4.000000E-04
901,BE565,HPI-TNK-TOR3-RWST,6.000000E-03
902,BE566,SWS-STR-HWD,1.000000E+00
903,BE567,SWS-STR-HWD-STRC,2.000000E-12
904,BE568,SWS-STR-HC1-STRC,3.000000E-10
905,BE569,SWS-STR-HC2-STRC,4.000000E-08
906,BE57,SIS-MDP-1A-FT,1.000000E+00
907,BE570,SWS-STR-HC3-STRC,5.000000E-06
908,BE571,SWS-STR-HC4-STRC,6.000000E-04
909,BE572,SWS-STR-TOR,1.000000E+00
910,BE573,IE-FRI-AB-LOOP-DIVA,2.000000E-03
911,BE574,SWS-STR-TD2-STRC,5.000000E-06
912,BE575,SWS-STR-TD3-STRC,6.000000E-04
913,BE576,IE-FRI-AB-LOOP-DIVB,2.000000E-03
914,BE577,IE-FRI-SWS-BLD,6.000000E-06
915,BE578,IE-FRI-AB-AFWAB,2.000000E-04
916,BE579,IE-FRI-AB-CCWBC,8.000000E-04
917,BE580,IE-FRI-AB-SIS,3.000000E-03
918,BE581,HE-FRI-AB-SIS,1.000000E+00
919,BE581,HE-FRI-AB-SIS,0.000000E+00
920,BE582,HE-FRI-SWS-BLD,0.000000E+00
921,BE582,HE-FRI-SWS-BLD,1.000000E+00
922,BE587,IE-CCW-MDP-FR-1A,1.000000E-03
923,BE588,IE-CCW-MDP-FR-1B,1.000000E-03
924,BE59,SIS-MDP-1B-FT,1.000000E+00
925,BE590,IE-CCW-HTX-PG-HX1A,2.000000E-03
926,BE591,IE-CCW-HTX-PG-HX1B,2.000000E-03
927,BE592,CCW-TNK-FC-SURGE,6.264000E-06
928,BE595,CCW-MDP-CF-FTR-AB,4.173000E-07
929,BE596,CCW-MDP-CF-FTR-AC,4.173000E-07
930,BE597,CCW-MDP-CF-FTR-BC,4.173000E-07
931,BE598,CCW-MDP-CF-FTR-ABC,2.060000E-07
932,BE599,IE-CCW-TNK-FC-SURGE,5.000000E-04
933,BE6,LPI-MDP-A-SEG-FT,1.000000E+00
934,BE60,SIS-MDP-FR-01B,3.865000E-04
935,BE601,IE-CCW-HTX-CF-PG-AB,5.440000E-05
936,BE603,IE-CCW-MDP-CF-FR-AB,1.545000E-05
937,BE606,IE-CCW-MDP-CF-FR-ABC,6.150000E-06
938,BE608,IEFT-LOCCW-MDP,1.000000E+00
939,BE609,HPR-XHE-XM-RC-EQ6,5.000000E-01
940,BE61,SIS-MDP-FS-01B,1.000000E+00
941,BE61,SIS-MDP-FS-01B,7.940000E-04
942,BE610,PWR-XHE-XM-DEPRCS-EQ3,1.200000E-02
943,BE611,PWR-XHE-XM-DEPRCS-EQ4,2.000000E-02
944,BE612,PWR-XHE-XM-DEPRCS-EQ5,4.000000E-02
945,BE613,PWR-XHE-XM-DEPRCS-EQ6,5.000000E-01
946,BE614,RHR-XHE-XM-OPER-EQ3,3.000000E-03
947,BE615,RHR-XHE-XM-OPER-EQ4,5.000000E-03
948,BE616,RHR-XHE-XM-OPER-EQ5,1.000000E-02
949,BE617,RHR-XHE-XM-OPER-EQ6,5.000000E-01
950,BE618,BORATION-XHE-SEIS,1.000000E+00
951,BE619,F&B-XHE-SEIS,1.000000E+00
952,BE62,SIS-MDP-TM-01B,4.220000E-03
953,BE620,HPR-XHE-SEIS,1.000000E+00
954,BE621,RHR-XHE-SEIS,1.000000E+00
955,BE622,SSC-XHE-SEIS,1.000000E+00
956,BE623,RHR-XHE-XM-OPERATE,2.000000E-03
957,BE64,CCW-AOV-OC-HTXA,2.520000E-06
958,BE65,CCW-AOV-OC-HTXDISA,2.520000E-06
959,BE68,IE-LLOCA,5.910000E-06
960,BE69,HPI-CKV-CC-001,9.240000E-06
961,BE7,SIS-MDP-FR-01A,3.865000E-04
962,BE70,CVC-CKV-CC-004A,9.240000E-06
963,BE71,CVC-CKV-CC-004B,9.240000E-06
964,BE72,HPI-CKV-CC-005B,9.240000E-06
965,BE73,HPI-CKV-CC-005A,9.240000E-06
966,BE74,HE-LODCB,0.000000E+00
967,BE74,HE-LODCB,1.000000E+00
968,BE75,HE-FLD-CVC,1.000000E+00
969,BE75,HE-FLD-CVC,0.000000E+00
970,BE76,HE-FLD-AFW,1.000000E+00
971,BE76,HE-FLD-AFW,0.000000E+00
972,BE77,HE-FLD-RHR,1.000000E+00
973,BE77,HE-FLD-RHR,0.000000E+00
974,BE78,HE-FLD-SWS,0.000000E+00
975,BE78,HE-FLD-SWS,1.000000E+00
976,BE79,HPI-MOV-CC-006A,4.210000E-04
977,BE80,HPI-MOV-CC-006B,4.210000E-04
978,BE82,CCW-CKV-CC-002B,9.240000E-06
979,BE83,CVC-MDP-FS-001A,7.940000E-04
980,BE83,CVC-MDP-FS-001A,1.000000E+00
981,BE84,CVC-MDP-FS-001B,7.940000E-04
982,BE85,CVC-MDP-FR-001A,3.865000E-04
983,BE86,CVC-MDP-FR-001B,3.865000E-04
984,BE87,CVC-MDP-TM-001A,4.220000E-03
985,BE88,CVC-MDP-TM-001B,4.220000E-03
986,BE89,HPI-FT,1.000000E+00
987,BE90,CVC-1A-SEGMENT-FT,1.000000E+00
988,BE91,CVC-1B-SEGMENT-FT,1.000000E+00
